x,rm,rs,lm,ls
10,0.5577457,0.07996679,-4.010796,0.4771373
20,0.7337396,0.07047086,-3.924785,0.1586895
30,0.923189,0.05337376,-4.053765,0.2412011
40,1.080935,0.05792573,-4.240099,0.3283501
50,1.193715,0.03612686,-4.215826,0.2090205
60,1.260092,0.09429135,-4.763538,0.2070008
70,1.364115,0.1078191,-5.256893,0.3993885
80,1.449812,0.1224917,-6.193287,0.4050857
90,1.512277,0.1658082,-7.862288,0.4766296
