x,rm,rs,lm,ls
10,0.001079462,0.002969181,0.1589397,1.327717e-05
20,0.003721175,0.00580682,0.1589059,1.058116e-05
30,0.01169556,0.01234187,0.1588707,1.561889e-05
40,2.551782,5.128508,0.13127,0.05528619
50,1.74088,5.167918,0.139666,0.03866539
60,2.62433,5.217531,0.1122273,0.04949051
70,10.40666,14.14288,0.09357695,0.04927015
80,3.991749,8.323575,0.1082089,0.04291083
90,3.160893,5.015669,0.1025414,0.04772582
