x,rm,rs,lm,ls
10,0.8247901,0.5476315,0.097766,0.03985159
20,1.397412,0.4819728,0.08641216,0.02420976
30,0.8453992,0.8606267,0.1231728,0.03553549
40,1.370099,0.4908618,0.1123304,0.01757556
50,0.8302253,0.5928084,0.1380043,0.01640817
60,1.036876,1.573826,0.1306741,0.03753369
70,4.026255,5.92129,0.1232624,0.04503257
80,6.078369,7.668765,0.1093353,0.04727305
90,6.997968,9.641899,0.08261871,0.04315229
