x,rm,rs,lm,ls
10,0.001114123,0.002540424,0.1589412,9.985288e-06
20,0.005625455,0.006845579,0.1589075,9.658538e-06
30,0.02259843,0.02421476,0.1588306,9.455244e-05
40,0.02879919,0.02388401,0.1588045,6.139808e-05
50,0.05128031,0.04424387,0.1586936,0.0001378858
60,2.210163,4.326594,0.1362197,0.04494377
70,1.828845,2.882647,0.1328995,0.03961293
80,7.229665,8.847112,0.09542143,0.05644885
90,11.50052,7.878561,0.05718008,0.04041945
