x,rm,rs,lm,ls
10,0.3394427,0.04477307,-1.268656,0.1261663
20,0.4737842,0.04154822,-1.254359,0.07193603
30,0.5865955,0.02546068,-1.287441,0.0592975
40,0.6642913,0.0290023,-1.304473,0.06399185
50,0.7562865,0.03420639,-1.440704,0.07411055
60,0.8503641,0.03222403,-1.590177,0.1271597
70,0.904586,0.02374863,-1.929699,0.2708474
80,0.9659416,0.01348576,-2.449522,0.2612924
90,1.055816,0.05099736,-5.108132,1.337255
