x,rm,rs,lm,ls
10,0.3479335,0.03469511,-1.288079,0.1063034
20,0.4776447,0.02836016,-1.236531,0.06647098
30,0.5725259,0.0263721,-1.239256,0.06900064
40,0.6736597,0.03065811,-1.329584,0.04830729
50,0.7527942,0.03109431,-1.398221,0.1056013
60,0.8322101,0.01656994,-1.584511,0.1129417
70,0.9020943,0.02258427,-1.890286,0.09073014
80,0.9746145,0.03325574,-2.546617,0.3525485
90,1.046884,0.0470597,-5.702501,0.7832603
